article_id,article_title,service,category,knowledge_type,user_need,symptoms,user_description_examples,diagnostic_questions,required_information,probable_cause,resolution_steps,workaround,escalation_criteria,priority_guidance,estimated_resolution_time,agent_response_guidance,keywords,owner_role,review_frequency,status,version
KB-001,Redefinição de senha corporativa,Identidade e Acesso,Acesso,Procedimento,O usuário precisa recuperar o acesso a uma conta corporativa quando esquece a senha ou quando a senha expira.,"Mensagem de senha expirada, senha inválida, falha de autenticação ou impossibilidade de acessar e-mail, VPN, portal interno ou aplicação corporativa.",Esqueci minha senha; minha senha expirou; não consigo entrar; o sistema diz que a senha está incorreta.,Qual sistema você está tentando acessar? Você ainda consegue concluir a autenticação multifator? Aparece alguma mensagem de erro? Quando foi o último acesso bem-sucedido?,"E-mail corporativo, sistema afetado, mensagem de erro, disponibilidade do MFA e horário aproximado da última tentativa.","Senha expirada, senha esquecida, credenciais digitadas incorretamente ou política de autenticação exigindo troca de senha.",Orientar o usuário a acessar o portal oficial de redefinição de senha; confirmar que o MFA está disponível; solicitar criação de nova senha conforme política corporativa; pedir novo teste de acesso; registrar chamado se o reset falhar.,"Se o portal de autoatendimento estiver indisponível, registrar chamado para validação manual de identidade pelo suporte de primeiro nível.","Encaminhar para atendimento humano quando o MFA estiver indisponível, houver suspeita de comprometimento da conta ou o portal de redefinição apresentar erro.",Média quando afeta apenas um usuário; alta se o usuário estiver totalmente impedido de executar atividade crítica no mesmo dia.,Até 4 horas úteis quando houver MFA; até 1 dia útil quando exigir validação manual.,"Responder com instruções de autoatendimento quando a descrição for clara. Se faltar o sistema afetado ou o status do MFA, fazer perguntas de qualificação antes de registrar o chamado.","senha, acesso, login, autenticação, MFA, reset, credenciais",Service Desk,Trimestral,Published,1.0
KB-002,Conta bloqueada por tentativas inválidas,Identidade e Acesso,Acesso,Erro conhecido,O usuário precisa desbloquear a conta após múltiplas tentativas incorretas de login ou bloqueio por política de segurança.,"Mensagem de conta bloqueada, excesso de tentativas, usuário desativado temporariamente ou bloqueio ao acessar aplicações integradas.",Minha conta bloqueou; tentei várias vezes e não entra; o usuário está travado; aparece conta bloqueada.,Qual sistema informa o bloqueio? Você alterou a senha recentemente? Recebeu algum alerta de segurança? Outras aplicações também estão bloqueadas?,"E-mail corporativo, sistema afetado, horário do bloqueio, mensagem exibida e confirmação sobre atividade suspeita.","Tentativas sucessivas com senha incorreta, senha antiga armazenada em dispositivo, tentativa automatizada ou política de bloqueio de segurança.",Confirmar identidade do usuário conforme procedimento; orientar aguardar desbloqueio automático se previsto; recomendar remoção de senhas antigas salvas; registrar chamado para desbloqueio se houver urgência operacional.,"Aguardar o período de desbloqueio automático e tentar novamente com a senha correta, quando a política permitir.","Escalar para Segurança da Informação se houver tentativas desconhecidas, alertas de login suspeito ou solicitações de MFA não reconhecidas.",Média para bloqueio individual; crítica se houver indício de comprometimento de credenciais.,Até 4 horas úteis; resposta imediata se houver risco de segurança.,Não desbloquear automaticamente sem validação. Coletar evidências e classificar como segurança quando o usuário relatar atividade desconhecida.,"conta bloqueada, usuário bloqueado, login, tentativas, segurança, credenciais",Service Desk,Trimestral,Published,1.0
KB-003,Dispositivo de autenticação multifator indisponível,Identidade e Acesso,Acesso,Procedimento controlado,"O usuário precisa recuperar a capacidade de autenticação quando perde, troca ou não consegue usar o dispositivo de MFA.","Código MFA não recebido, aplicativo autenticador indisponível, celular perdido, token não encontrado ou solicitação de aprovação impossível.",Troquei de celular e perdi o autenticador; não recebo o código; perdi meu telefone; o MFA não funciona.,Você perdeu o dispositivo ou apenas trocou de aparelho? Possui códigos de recuperação? O problema ocorre em todos os sistemas? Há suspeita de acesso indevido?,"E-mail corporativo, método MFA antigo, novo telefone se aplicável, evidência para validação de identidade e sistemas impactados.","Dispositivo perdido, aplicativo removido, troca de aparelho, número desatualizado ou falha no serviço de autenticação.",Registrar solicitação de redefinição de MFA; validar identidade conforme política; remover método antigo apenas após aprovação; cadastrar novo método; solicitar teste de login.,"Utilizar códigos de recuperação previamente autorizados, se existirem e se a política permitir.",Escalar para Gestão de Identidades ou Segurança quando a identidade não puder ser validada ou houver relato de MFA inesperado.,"Alta, pois pode impedir o acesso a todos os sistemas e envolve controle sensível de identidade.",Até 2 horas úteis após validação de identidade.,Criar chamado com prioridade alta e orientar que a alteração do MFA exige validação humana; não prometer reset automático.,"MFA, 2FA, autenticação, token, celular, identidade, segurança",Identity Management,Trimestral,Published,1.0
KB-004,E-mail não envia mensagens,E-mail e Colaboração,E-mail,Solução de incidente,"O usuário precisa restabelecer o envio de mensagens corporativas quando e-mails ficam presos, retornam com erro ou não são entregues.","Mensagem presa na caixa de saída, retorno automático, erro de servidor, falha ao anexar arquivos ou impossibilidade de enviar para um domínio específico.",Meu e-mail não envia; a mensagem fica na caixa de saída; recebi retorno de erro; não consigo enviar anexo.,O erro ocorre com todos os destinatários ou apenas um? Há anexo grande? Você recebeu mensagem de retorno? A internet está funcionando normalmente?,"Conta de e-mail, destinatário ou domínio afetado, mensagem de erro, tamanho do anexo e horário aproximado do envio.","Anexo acima do limite, endereço inválido, problema de conectividade, fila local travada ou restrição no fluxo de e-mail.",Solicitar teste sem anexos; confirmar endereço do destinatário; reiniciar cliente de e-mail; verificar conexão; coletar mensagem de retorno; registrar incidente se persistir.,"Enviar arquivo por repositório corporativo aprovado e compartilhar link, quando permitido pela política.","Escalar para equipe de Mensageria quando vários usuários forem afetados, houver falha com domínio inteiro ou erro de servidor recorrente.",Média para usuário individual; alta se houver impacto em área crítica ou múltiplos usuários.,Até 6 horas úteis para casos individuais; até 4 horas úteis para falha coletiva.,"Se o usuário informar retorno de erro, registrar o texto exato. Se a descrição for vaga, perguntar se o problema é envio, recebimento, anexo ou destinatário específico.","e-mail, envio, caixa de saída, anexo, retorno, mensageria",Messaging Team,Semestral,Published,1.0
KB-005,Caixa de e-mail sem espaço,E-mail e Colaboração,E-mail,Procedimento,O usuário precisa liberar espaço ou solicitar aumento de cota quando a caixa postal atinge o limite permitido.,"Aviso de cota excedida, impossibilidade de receber mensagens, falha de envio por caixa cheia ou lentidão no cliente de e-mail.",Minha caixa está cheia; não recebo e-mails; apareceu limite de armazenamento; preciso de mais espaço no e-mail.,Você recebeu aviso de cota? É possível arquivar mensagens antigas? Há necessidade formal de aumento de cota? A caixa é pessoal ou compartilhada?,"Conta afetada, tamanho aproximado da caixa, mensagem de aviso, justificativa de negócio e aprovação gerencial para aumento de cota.","Acúmulo de mensagens antigas, anexos grandes, política de retenção inadequada ou caixa compartilhada com uso acima do planejado.",Orientar exclusão de mensagens desnecessárias; esvaziar itens excluídos; arquivar mensagens antigas; remover anexos grandes conforme política; registrar solicitação de aumento apenas com justificativa.,"Usar arquivamento corporativo e links para documentos em vez de anexos, quando aplicável.","Encaminhar para Mensageria quando houver pedido de aumento de cota, exceção de retenção ou caixa compartilhada crítica.",Baixa quando há alternativa de limpeza; média se o usuário estiver impedido de receber comunicações essenciais.,Até 1 dia útil para orientação; até 3 dias úteis para alteração de cota aprovada.,Fornecer orientação de limpeza quando a causa for clara e registrar solicitação apenas quando houver justificativa e aprovação necessárias.,"caixa cheia, cota, armazenamento, e-mail, arquivo, anexos",Messaging Team,Semestral,Published,1.0
KB-006,Problemas em reunião por vídeo ou ferramenta de colaboração,Colaboração,Aplicações de colaboração,Solução de incidente,"O usuário precisa participar de reunião, usar áudio, câmera, compartilhamento de tela ou chat em ferramenta corporativa de colaboração.","Câmera não detectada, microfone sem áudio, reunião não abre, tela não compartilha, aplicativo congela ou login falha.",Não consigo entrar na reunião; meu microfone não funciona; a câmera não aparece; o Teams está travando.,"O problema é áudio, vídeo, acesso à reunião ou compartilhamento? Ocorre em todas as reuniões? A versão web funciona? As permissões do dispositivo estão habilitadas?","Ferramenta utilizada, recurso afetado, dispositivo, sistema operacional, mensagem de erro e horário da reunião.","Permissões do sistema operacional, driver de dispositivo, cache do aplicativo, versão desatualizada ou indisponibilidade parcial do serviço.",Verificar permissões de câmera e microfone; reiniciar aplicação; testar versão web; atualizar aplicativo; reiniciar computador; registrar incidente se persistir.,"Usar acesso via navegador, telefone de conferência ou outro dispositivo corporativo aprovado.",Escalar para Suporte de Endpoint se houver suspeita de driver ou hardware; para equipe de colaboração se vários usuários forem afetados.,Média quando afeta reunião importante; baixa quando há alternativa simples; alta em reunião executiva ou operação crítica sem alternativa.,Até 4 horas úteis.,Perguntar qual recurso falhou antes de propor solução. Registrar chamado se o teste via navegador não resolver ou se houver evidência de falha ampla.,"reunião, áudio, microfone, câmera, colaboração, Teams, Zoom, tela",Collaboration Support,Semestral,Published,1.0
KB-007,Falha de conexão Wi-Fi corporativa,Rede Corporativa,Rede,Solução de incidente,O usuário precisa conectar o dispositivo à rede sem fio corporativa ou estabilizar uma conexão com quedas frequentes.,"Rede Wi-Fi não conecta, senha rejeitada, conexão cai, sem internet, SSID não aparece ou sinal muito fraco.",Estou sem Wi-Fi; a internet cai toda hora; meu notebook não conecta na rede; o Wi-Fi da sala não funciona.,Qual rede você está tentando acessar? Em que local está? Outras pessoas próximas também estão com problema? O dispositivo já conectou antes?,"Local físico, nome da rede, tipo de dispositivo, número de usuários afetados e mensagem de erro.","Credencial desatualizada, perfil de rede corrompido, falha de cobertura, ponto de acesso indisponível ou problema no dispositivo.",Confirmar SSID; desligar e religar Wi-Fi; esquecer rede e reconectar; reiniciar dispositivo; testar outra área; registrar incidente com local e impacto se persistir.,"Usar rede cabeada, hotspot corporativo autorizado ou outro local com cobertura, se disponível.","Escalar para equipe de Redes se várias pessoas, uma sala, um andar ou uma unidade forem afetados.","Média para usuário individual; alta quando afeta área, sala de reunião crítica ou múltiplos usuários.",Até 6 horas úteis para usuário individual; até 4 horas úteis para falha coletiva.,Determinar escopo antes da prioridade. Perguntar local e quantidade de usuários afetados sempre que o relato envolver rede.,"Wi-Fi, rede, internet, conexão, SSID, queda, sem fio",Network Team,Semestral,Published,1.0
KB-008,Falha de acesso VPN,Acesso Remoto,Rede,Solução de incidente,O usuário remoto precisa conectar-se à VPN para acessar sistemas internos da organização.,"VPN não conecta, desconecta com frequência, erro de certificado, falha de autenticação, gateway indisponível ou MFA não conclui.",A VPN não conecta; estou sem acesso remoto; a VPN cai; aparece erro de certificado; não consigo entrar na rede da empresa.,A internet funciona fora da VPN? Qual erro aparece? O MFA é concluído? Você está usando a versão atual do cliente VPN?,"Usuário, dispositivo, versão do cliente VPN, código de erro, status da internet, status do MFA e localidade aproximada.","Falha de autenticação, cliente VPN desatualizado, certificado vencido, bloqueio de rede local, problema no gateway ou instabilidade de internet.",Testar internet sem VPN; reiniciar cliente; verificar MFA; atualizar cliente VPN; testar outra rede; registrar incidente com erro e evidências se persistir.,"Usar aplicações em nuvem que não dependem de VPN ou aguardar rede alternativa, quando o processo permitir.","Escalar para Redes quando múltiplos usuários tiverem falha, houver erro de gateway ou certificado corporativo.",Alta quando impede trabalho remoto; crítica se houver indisponibilidade generalizada de acesso remoto.,Até 4 horas úteis para usuário individual; resposta imediata em falha generalizada.,"Coletar o código de erro antes de registrar. Se vários usuários relatarem falha semelhante, classificar como incidente de rede de maior impacto.","VPN, acesso remoto, gateway, certificado, MFA, rede, conexão",Network Team,Trimestral,Published,1.0
KB-009,Indisponibilidade de internet corporativa,Rede Corporativa,Rede,Solução de incidente maior,Usuários precisam recuperar o acesso à internet corporativa quando sites e serviços externos ficam indisponíveis.,"Sites não abrem, navegador apresenta erro, internet fora, acesso externo indisponível, mas serviços internos podem ou não funcionar.",A internet caiu; nenhum site abre; estamos sem acesso externo; a rede da unidade está fora.,Apenas seu dispositivo está afetado ou outras pessoas também? Sistemas internos funcionam? Você está no Wi-Fi ou cabo? Qual localidade está afetada?,"Local, conexão usada, número estimado de usuários afetados, serviços impactados e horário de início.","Falha de provedor, firewall, proxy, roteamento, ponto de acesso, switch ou indisponibilidade de link corporativo.",Determinar escopo; testar acesso a sites diferentes; confirmar serviços internos; coletar localidade; registrar incidente com impacto; acionar equipe de Redes.,"Utilizar link de contingência, rede alternativa autorizada ou remanejamento temporário de atividades, se disponível.","Escalar imediatamente para Redes quando afetar múltiplos usuários, unidade, departamento crítico ou link principal.","Alta para múltiplos usuários; crítica quando interrompe unidade, operação crítica ou serviço essencial.",Até 2 horas úteis para resposta inicial; prazo final depende de provedor ou infraestrutura.,Priorizar perguntas de impacto e escopo. Não tratar como problema individual quando houver relato de vários usuários afetados.,"internet, indisponibilidade, rede, link, provedor, sites, navegação",Network Team,Trimestral,Published,1.0
KB-010,Computador não liga ou não inicia sistema operacional,Dispositivo do Usuário,Hardware,Solução de incidente,"O usuário precisa voltar a usar notebook ou desktop que não liga, não carrega o sistema ou exibe tela preta.","Sem luz de energia, tela preta, mensagem de boot, equipamento reiniciando, bateria sem carga ou fonte não reconhecida.",Meu notebook não liga; a tela está preta; o computador não inicia; aparece erro ao ligar.,Há luz de energia? O carregador está conectado? O equipamento emite sons ou mensagens? Houve queda ou dano físico?,"Patrimônio do equipamento, modelo, local do usuário, estado do carregador, mensagens exibidas e urgência da atividade afetada.","Falha de energia, bateria, carregador, hardware interno, disco, sistema operacional corrompido ou periférico interferindo no boot.",Verificar tomada e carregador; desconectar periféricos; manter botão de energia pressionado por 15 segundos; tentar religar; registrar chamado de hardware se não houver recuperação.,Solicitar equipamento reserva quando a atividade for urgente e houver disponibilidade de inventário.,"Escalar para Suporte de Endpoint quando houver falha física, necessidade de diagnóstico, substituição ou equipamento reserva.",Alta se o usuário está sem equipamento funcional; média se houver dispositivo alternativo disponível.,Até 1 dia útil para atendimento inicial; substituição depende de estoque.,Orientar apenas verificações seguras. Nunca solicitar abertura física do equipamento pelo usuário.,"notebook, computador, não liga, tela preta, hardware, boot, carregador",Endpoint Support,Semestral,Published,1.0
KB-011,Impressora indisponível ou erro de impressão,Impressão,Periféricos,Solução de incidente,"O usuário precisa imprimir documento quando a impressora está offline, com fila travada, atolamento ou sem mapeamento.","Impressora offline, documento preso na fila, atolamento de papel, toner baixo, impressora não aparece ou erro no spooler.",Não consigo imprimir; a impressora está offline; o documento fica na fila; a impressora da sala não funciona.,"Qual é o nome da impressora? Outros usuários conseguem imprimir? Há luz de erro, papel preso ou falta de toner? O erro ocorre em todos os documentos?","Nome da impressora, local, dispositivo do usuário, mensagem de erro, existência de outros afetados e urgência do documento.","Fila de impressão travada, impressora desligada, falha de rede, suprimento esgotado, atolamento ou mapeamento ausente.",Confirmar impressora e local; verificar papel e toner; perguntar se outros usuários imprimem; limpar ou reiniciar fila quando permitido; reinstalar mapeamento; registrar chamado se persistir.,"Usar impressora alternativa autorizada ou enviar documento digitalmente, quando o processo permitir.","Escalar para Suporte de Endpoint, Facilities ou fornecedor quando houver falha física, suprimento ou manutenção.",Baixa para usuário individual; média se impressora compartilhada de área operacional estiver indisponível; alta em processo crítico sem alternativa.,Até 1 dia útil; até 2 dias úteis quando depender de fornecedor ou suprimentos.,Identificar se o problema é individual ou compartilhado. Registrar local e nome da impressora obrigatoriamente.,"impressora, impressão, fila, toner, papel, offline, spooler",Endpoint Support,Semestral,Published,1.0
KB-012,Periférico não funciona,Dispositivo do Usuário,Periféricos,Solução de incidente,"O usuário precisa restaurar o funcionamento de teclado, mouse, monitor, headset, webcam ou outro periférico.","Teclado sem resposta, mouse não move, monitor não detectado, headset sem áudio, webcam indisponível ou conexão USB instável.",Meu teclado não funciona; o monitor não aparece; o mouse parou; o headset está sem som.,"Qual periférico está com problema? Ele é USB, Bluetooth ou sem fio? Você testou outra porta, cabo ou bateria? O periférico funciona em outro computador?","Tipo de periférico, conexão, patrimônio se houver, dispositivo usado, testes realizados e local do usuário.","Cabo desconectado, bateria descarregada, porta USB com falha, driver, pareamento Bluetooth ou defeito físico.",Reconectar periférico; trocar porta USB; verificar bateria; reiniciar computador; testar em outro dispositivo; registrar solicitação de troca ou suporte se persistir.,"Usar periférico reserva, dispositivo integrado do notebook ou estação alternativa enquanto aguarda atendimento.","Escalar para Suporte de Endpoint quando houver defeito físico, necessidade de driver ou substituição de item.",Baixa quando há alternativa; média quando o periférico impede o trabalho do usuário; alta apenas em função crítica sem substituição.,Até 1 dia útil para diagnóstico; substituição depende de estoque.,Oferecer passos simples e seguros. Coletar evidência de teste antes de sugerir substituição.,"teclado, mouse, monitor, headset, webcam, periférico, USB, Bluetooth",Endpoint Support,Semestral,Published,1.0
KB-013,Solicitação de instalação de software,Aplicações e Software,Requisição de Serviço,Procedimento de requisição,O usuário precisa instalar software aprovado ou solicitar avaliação de nova aplicação para uso corporativo.,"Usuário não possui aplicativo necessário, precisa de licença, solicita nova ferramenta ou não consegue instalar por falta de permissão administrativa.",Preciso instalar um programa; preciso de licença; não tenho permissão para instalar; preciso de um software para trabalhar.,Qual software e versão são necessários? Ele já é aprovado pela TI? Existe licença disponível? Há aprovação do gestor? Qual é a justificativa de negócio?,"Nome do software, versão, justificativa, gestor aprovador, patrimônio do equipamento, centro de custo e necessidade de licença.","Usuário sem aplicativo, falta de licença, ausência de pacote homologado, bloqueio por política ou necessidade de aprovação formal.",Verificar catálogo de software aprovado; coletar justificativa; confirmar aprovação; validar licença; registrar requisição de instalação ou avaliação de software.,Usar alternativa corporativa já homologada quando disponível.,Escalar para Gestão de Ativos de Software quando faltar licença ou para Segurança quando a aplicação não for homologada.,Baixa por ser requisição planejada; média quando impacta início de projeto aprovado; alta apenas por exceção operacional justificada.,Até 3 dias úteis para software aprovado; prazo maior para avaliação de nova aplicação.,Não tratar como incidente salvo quando a remoção ou falha de software aprovado interromper serviço existente. Exigir justificativa e aprovação quando necessário.,"software, instalação, licença, aplicativo, programa, homologação, catálogo",Software Asset Management,Semestral,Published,1.0
KB-014,Aplicação corporativa com erro ou travamento,Aplicações de Negócio,Software,Solução de incidente,"O usuário precisa retomar o uso de aplicação corporativa que fecha, trava, apresenta erro ou impede conclusão de tarefa.","Aplicação fecha inesperadamente, tela congela, erro ao salvar, transação falha, relatório não abre ou mensagem técnica aparece.",O sistema está travando; aparece erro no ERP; o aplicativo fecha sozinho; não consigo salvar a operação.,Qual aplicação está afetada? O que você estava fazendo antes do erro? O erro se repete? Outras pessoas também estão afetadas? Há captura de tela?,"Nome da aplicação, mensagem de erro, passos para reproduzir, captura de tela, usuário afetado, quantidade de afetados e criticidade do processo.","Bug de aplicação, cache local, versão desatualizada, erro de configuração, falha de integração ou indisponibilidade parcial do backend.",Coletar evidências; reiniciar aplicação; testar navegador alternativo quando aplicável; limpar cache se autorizado; verificar se outros usuários são afetados; registrar incidente com passos de reprodução.,"Executar processo por aplicação alternativa, navegador diferente ou procedimento manual aprovado, quando existir.","Escalar para Suporte de Aplicações se o erro for reproduzível, afetar múltiplos usuários ou bloquear processo crítico.",Média para usuário individual; alta se processo crítico estiver bloqueado; crítica se aplicação essencial estiver indisponível para muitos usuários.,Até 1 dia útil para triagem; prazo de correção depende da causa técnica.,Coletar passos para reprodução e evidência antes de encaminhar. Prioridade deve considerar processo de negócio e número de usuários afetados.,"aplicação, sistema, erro, travamento, ERP, relatório, transação",Application Support,Trimestral,Published,1.0
KB-015,Atualização do sistema operacional com falha,Dispositivo do Usuário,Software,Erro conhecido,"O usuário precisa concluir ou corrigir uma atualização de sistema operacional que falhou, travou ou causou lentidão.","Atualização parada, erro de instalação, reinicializações repetidas, computador lento após patch ou mensagem de falha no Windows Update.",A atualização travou; o Windows não atualiza; o computador ficou lento depois da atualização; aparece erro de update.,Há código de erro? Há quanto tempo a atualização está em andamento? O equipamento está ligado à energia? O problema começou após qual atualização?,"Patrimônio do equipamento, sistema operacional, código de erro, tempo de execução, estado da energia e impacto no trabalho.","Conflito de patch, falta de espaço em disco, interrupção de energia, pacote corrompido ou incompatibilidade de driver.",Confirmar conexão à energia; aguardar se houver progresso; reiniciar apenas se estiver travado por período prolongado; verificar espaço em disco; registrar chamado de endpoint se erro persistir.,Usar equipamento reserva se o dispositivo estiver indisponível e a atividade for urgente.,"Escalar para Suporte de Endpoint quando exigir reparo do sistema, rollback, reinstalação ou reimagem.",Média quando afeta um usuário; alta se o equipamento ficar inutilizável e não houver alternativa.,Até 1 dia útil para diagnóstico; reimagem pode exigir prazo adicional.,Orientar cuidado para não desligar durante atualização ativa. Registrar código de erro sempre que existir.,"atualização, Windows, patch, lentidão, travou, sistema operacional",Endpoint Support,Trimestral,Published,1.0
KB-016,E-mail suspeito ou phishing,Segurança da Informação,Segurança,Alerta e procedimento,"O usuário precisa reportar mensagem suspeita para evitar fraude, roubo de credenciais ou instalação de malware.","E-mail com link estranho, remetente desconhecido, anexo inesperado, pedido de senha, urgência incomum ou ameaça de bloqueio de conta.",Recebi um e-mail suspeito; acho que é phishing; cliquei em um link estranho; pediram minha senha por e-mail.,Você clicou em algum link? Abriu anexo? Informou senha ou código MFA? Qual é o remetente e o assunto? Quando recebeu a mensagem?,"Remetente, assunto, horário, ação executada pelo usuário, anexo ou link, captura de tela e cópia original da mensagem quando possível.","Campanha de phishing, tentativa de roubo de credenciais, malware em anexo ou fraude por engenharia social.","Orientar não clicar e não responder; solicitar reporte pelo canal oficial; coletar evidências; registrar incidente se houve clique, download ou envio de credenciais; acionar Segurança.",Excluir ou isolar a mensagem somente após orientação da Segurança ou uso do botão oficial de reporte.,"Escalar imediatamente para Segurança se o usuário clicou, abriu anexo, informou credenciais ou aprovou MFA indevido.",Alta para mensagem suspeita com interação; crítica se credenciais foram informadas ou houver possível comprometimento.,Resposta inicial em até 2 horas úteis; imediata em comprometimento suspeito.,"Tratar como segurança. O agente deve orientar contenção e coletar fatos, sem afirmar que o e-mail é seguro sem análise especializada.","phishing, e-mail suspeito, fraude, link, anexo, credenciais, segurança",Security Operations,Mensal,Published,1.0
KB-017,Suspeita de malware ou vírus,Segurança da Informação,Segurança,Incidente de segurança,O usuário precisa reportar comportamento suspeito no dispositivo para contenção e investigação de possível malware.,"Alerta do antivírus, pop-ups incomuns, arquivos desconhecidos, lentidão extrema, navegador redirecionando ou programas abrindo sozinhos.",O antivírus alertou; acho que estou com vírus; aparecem pop-ups; meu computador está estranho depois de baixar um arquivo.,Qual alerta apareceu? Você baixou ou executou algum arquivo? O dispositivo está conectado à rede? Dados sensíveis foram acessados?,"Patrimônio do dispositivo, alerta exibido, arquivo ou site suspeito, horário do evento, conexão de rede e dados potencialmente afetados.","Malware, adware, arquivo malicioso, execução de anexo contaminado ou comprometimento por site inseguro.",Orientar o usuário a parar de usar o dispositivo; não apagar evidências; desconectar da rede se a política permitir; registrar incidente crítico; encaminhar para contenção e análise.,Usar equipamento reserva limpo e alterar senhas a partir de dispositivo confiável somente após orientação de Segurança.,"Escalar imediatamente para Segurança e Suporte de Endpoint para isolamento, análise forense e remediação.","Crítica, pois pode haver propagação, vazamento de dados ou comprometimento de credenciais.",Resposta imediata; restauração completa depende da investigação.,Não tentar resolver apenas com instruções comuns. Criar incidente de segurança e orientar contenção básica conforme política.,"malware, vírus, antivírus, pop-up, infectado, segurança, contenção",Security Operations,Mensal,Published,1.0
KB-018,Login suspeito ou possível comprometimento de conta,Segurança da Informação,Segurança,Incidente de segurança,"O usuário precisa reportar alerta de login desconhecido, solicitação inesperada de MFA ou atividade não reconhecida na conta.","Notificação de login em local desconhecido, solicitação MFA não iniciada pelo usuário, e-mails enviados sem autorização ou alteração de senha não reconhecida.",Recebi MFA sem tentar entrar; apareceu login desconhecido; alguém acessou minha conta; recebi alerta de acesso suspeito.,Você aprovou a solicitação de MFA? Qual local ou dispositivo aparece no alerta? Você reutilizou senha ou clicou em link suspeito recentemente?,"Conta afetada, horário do alerta, localização informada, status da aprovação MFA, eventos recentes e sistemas acessados.","Credenciais comprometidas, tentativa de força bruta, phishing, reutilização de senha ou sessão ativa indevida.",Orientar negar MFA desconhecido; recomendar troca de senha em dispositivo confiável; registrar incidente crítico; solicitar revogação de sessões e revisão de logs pela Segurança.,"Usar somente dispositivo confiável e evitar novos acessos até orientação da Segurança, se houver suspeita forte.","Escalar imediatamente para Segurança quando houver MFA aprovado indevidamente, login desconhecido ou atividade não reconhecida.","Crítica, pois o comprometimento de conta pode permitir acesso não autorizado a sistemas e dados.",Resposta imediata; contenção inicial em até 1 hora útil.,Priorizar contenção e coleta de fatos. Não encerrar automaticamente como falso positivo sem análise de logs.,"login suspeito, conta comprometida, MFA, credenciais, acesso indevido, segurança",Security Operations,Mensal,Published,1.0
KB-019,Solicitação de acesso a pasta compartilhada,Gestão de Acessos,Requisição de Acesso,Procedimento de requisição,"O usuário precisa obter permissão de leitura ou edição em pasta de rede, drive compartilhado ou repositório documental.","Acesso negado, pasta não aparece, usuário não consegue abrir documento ou precisa participar de projeto com diretório compartilhado.",Preciso acessar uma pasta; não tenho permissão no drive; aparece acesso negado; preciso editar arquivos do projeto.,Qual é o caminho da pasta? Você precisa ler ou editar? Quem é o dono da informação? Seu gestor aprovou?,"Caminho da pasta, nível de permissão, justificativa, usuário solicitante, aprovação do gestor e aprovação do dono da informação.","Permissão inexistente, mudança de equipe, participação em projeto, grupo de acesso incorreto ou ausência de aprovação.",Coletar caminho e permissão; identificar dono da informação; solicitar aprovação; registrar requisição; encaminhar para Gestão de Acessos após autorização.,"Solicitar ao dono da informação compartilhamento temporário aprovado, se a política permitir.","Escalar para gestor ou dono da informação quando a aprovação estiver ausente, divergente ou envolver dados sensíveis.",Baixa por ser requisição planejada; média quando bloqueia atividade com prazo próximo e aprovada.,Até 2 dias úteis após aprovação.,Não conceder acesso automaticamente. O agente deve verificar existência de aprovação e registrar a solicitação com os campos obrigatórios.,"pasta, drive, permissão, acesso, compartilhamento, repositório, dono da informação",Access Management,Semestral,Published,1.0
KB-020,Solicitação de perfil ou permissão em sistema,Gestão de Acessos,Requisição de Acesso,Procedimento de requisição,"O usuário precisa de novo perfil, papel ou permissão em aplicação corporativa para executar atividades de trabalho.","Acesso negado em funcionalidade, botão indisponível, perfil insuficiente, usuário novo sem permissões ou mudança de função.",Preciso de acesso ao ERP; falta perfil no sistema; não consigo aprovar pedidos; preciso de permissão de administrador.,Qual sistema é afetado? Qual perfil é necessário? Há aprovação do gestor? O acesso envolve função crítica ou privilegiada?,"Sistema, perfil solicitado, usuário, justificativa, aprovação do gestor, aprovação do dono do sistema e análise de segregação quando aplicável.","Perfil não atribuído, mudança de função, novo usuário, necessidade de privilégio adicional ou erro no grupo de acesso.",Coletar sistema e perfil; confirmar justificativa; obter aprovação; validar restrições de segregação de funções; encaminhar para dono da aplicação ou Gestão de Acessos.,Executar a atividade por usuário autorizado ou processo alternativo aprovado enquanto a permissão é avaliada.,"Escalar para dono da aplicação ou Segurança quando houver acesso privilegiado, conflito de funções ou ausência de aprovação.",Baixa para requisição padrão; média quando bloqueia processo com prazo; alta apenas com justificativa crítica e aprovação.,Até 3 dias úteis após aprovação; mais tempo se exigir análise de risco.,Orientar que a autorização humana é obrigatória. Coletar perfil exato para evitar permissões excessivas.,"perfil, permissão, sistema, ERP, acesso, privilégio, segregação",Access Management,Trimestral,Published,1.0
KB-021,Onboarding de novo colaborador,Provisionamento de Usuários,Requisição de Serviço,Procedimento de requisição,"O gestor precisa solicitar conta, e-mail, equipamento e acessos básicos para novo colaborador antes da data de início.","Novo colaborador sem conta, sem notebook, sem e-mail, sem acesso inicial ou solicitação feita em prazo curto.",Preciso cadastrar novo colaborador; novo funcionário começa segunda; preciso de notebook e acessos para alguém novo.,Qual é a data de início? Qual cargo e departamento? Quais sistemas serão necessários? Precisa de notebook ou apenas conta? O gestor já aprovou?,"Nome completo, data de início, cargo, departamento, gestor, localidade, tipo de vínculo, sistemas necessários e equipamento requerido.","Entrada de novo colaborador, mudança organizacional ou solicitação tardia de provisionamento.","Coletar dados do colaborador; confirmar gestor e data; aplicar pacote padrão por função; registrar requisição; criar tarefas para conta, e-mail, equipamento e acessos.",Solicitar acesso temporário mínimo aprovado quando a entrada ocorrer antes do prazo recomendado.,Escalar para Operações de TI quando a data de início for inferior a dois dias úteis ou houver equipamento indisponível.,Média quando dentro do prazo; alta quando o início é iminente e o colaborador ficaria improdutivo.,Até 5 dias úteis quando solicitado com antecedência adequada.,"Tratar como requisição de serviço, não incidente. Verificar campos obrigatórios e informar dependência de estoque e aprovações.","onboarding, novo colaborador, conta, equipamento, acessos, admissão",IT Operations,Semestral,Published,1.0
KB-022,Recuperação de arquivo excluído,Armazenamento e Arquivos,Dados,Procedimento de recuperação,"O usuário precisa recuperar arquivo, pasta ou versão anterior excluída acidentalmente.","Arquivo desapareceu, pasta removida, documento sobrescrito, versão anterior necessária ou item não encontrado no repositório.",Apaguei um arquivo sem querer; preciso recuperar uma pasta; perdi a versão anterior; o documento sumiu.,Onde o arquivo estava salvo? Quando foi excluído? Qual é o nome ou caminho? Você verificou lixeira ou histórico de versões? O arquivo é crítico?,"Nome do arquivo, caminho, local de armazenamento, data de exclusão, versão desejada, usuário responsável e criticidade de negócio.","Exclusão acidental, sobrescrita, movimentação de arquivo, sincronização incorreta ou expiração de retenção.",Orientar consulta à lixeira; verificar histórico de versões; confirmar local e data; registrar solicitação de restauração se backup for necessário; informar dependência de política de retenção.,"Usar versão compartilhada por outro usuário ou cópia local válida, quando houver e for permitido.",Escalar para equipe de Backup ou Armazenamento quando a recuperação não puder ser feita pelo usuário ou envolver dados críticos.,Média para arquivo importante; alta se interromper processo crítico; baixa para arquivo não urgente com alternativa.,Até 1 dia útil para restauração padrão; depende da retenção e do volume.,"Antes de registrar, perguntar local, nome e data. Explicar que a recuperação depende de retenção e disponibilidade de backup.","arquivo, recuperação, backup, lixeira, versão, pasta, restauração",Storage and Backup Team,Semestral,Published,1.0
KB-023,Sincronização de arquivos em nuvem com falha,Armazenamento em Nuvem,Dados,Solução de incidente,O usuário precisa sincronizar arquivos entre dispositivo e repositório em nuvem para manter versões atualizadas e disponíveis.,"Ícone de sincronização com erro, conflito de versões, arquivo não atualiza, pasta indisponível offline ou mensagem de falta de espaço.",O OneDrive não sincroniza; meu arquivo não atualiza; aparece conflito de sincronização; a pasta não baixa.,Qual pasta ou arquivo não sincroniza? O cliente mostra erro? Há espaço em disco? O problema ocorre em outro dispositivo?,"Serviço de nuvem, caminho do arquivo, erro exibido, status do cliente, espaço disponível e dispositivo utilizado.","Cliente de sincronização travado, falta de espaço, conflito de versões, caminho longo, credenciais expiradas ou restrição de política.",Verificar status do cliente; confirmar espaço em disco; pausar e retomar sincronização; resolver conflitos; reiniciar cliente; registrar chamado se persistir.,Acessar o arquivo diretamente pelo navegador enquanto a sincronização local é corrigida.,Escalar para Suporte de Endpoint quando o cliente precisar ser reparado ou reinstalado; para equipe de colaboração se houver falha ampla.,Média quando afeta colaboração ativa; baixa se houver acesso pelo navegador; alta se impactar área crítica sem alternativa.,Até 1 dia útil.,Diferenciar falha local de sincronização e indisponibilidade do serviço. Solicitar caminho do arquivo e mensagem exata.,"sincronização, OneDrive, SharePoint, nuvem, conflito, arquivo, pasta",Collaboration Support,Semestral,Published,1.0
KB-024,Computador lento ou com baixo desempenho,Dispositivo do Usuário,Desempenho,Solução de incidente,O usuário precisa melhorar o desempenho do computador quando lentidão prejudica a execução das atividades.,"Inicialização lenta, aplicativos demorando a abrir, travamentos, alto uso de CPU ou disco, pouca memória disponível ou armazenamento quase cheio.",Meu computador está muito lento; tudo trava; demora para iniciar; os programas não respondem.,Quando a lentidão começou? Afeta todos os programas ou apenas um? Houve atualização recente? Há pouco espaço em disco? O equipamento esquenta ou desliga?,"Patrimônio do equipamento, início do problema, aplicações afetadas, espaço em disco, mudanças recentes e impacto no trabalho.","Pouco espaço em disco, excesso de processos, atualização recente, hardware insuficiente, malware, driver ou aplicação específica com consumo elevado.",Reiniciar equipamento; fechar aplicações não usadas; verificar espaço em disco; remover arquivos temporários conforme política; identificar mudança recente; registrar chamado se persistir.,"Usar estação alternativa ou versão web de aplicações enquanto ocorre diagnóstico, quando disponível.","Escalar para Suporte de Endpoint se o dispositivo estiver inutilizável, falhar em diagnóstico, superaquecer ou houver suspeita de malware.",Baixa quando ainda há produtividade; média quando compromete trabalho diário; alta quando impede execução de função essencial.,Até 2 dias úteis para diagnóstico padrão.,"Não assumir problema de hardware sem qualificação. Perguntar início, escopo e aplicações afetadas para distinguir lentidão geral de erro de aplicação.","lentidão, desempenho, travamento, CPU, disco, memória, computador lento",Endpoint Support,Semestral,Published,1.0
KB-025,Aplicação de negócio lenta,Aplicações de Negócio,Desempenho,Solução de incidente,"O usuário precisa executar transações, relatórios ou consultas em aplicação corporativa com tempo de resposta aceitável.","Relatório não carrega, transação demora, tela fica processando, sistema responde lentamente ou degrada em horários específicos.",O ERP está lento; o relatório não abre; a tela fica carregando; o sistema demora para salvar.,Qual transação ou relatório está lento? Ocorre em qual horário? Outros usuários percebem o mesmo? A lentidão ocorre em outra rede ou navegador?,"Aplicação, transação afetada, horário, frequência, usuários afetados, local/rede e evidências de tempo de resposta.","Degradação de backend, consulta pesada, integração lenta, rede, navegador, pico de uso ou indisponibilidade parcial.",Coletar aplicação e transação; identificar horário; confirmar outros usuários; testar navegador alternativo; registrar incidente com evidência e impacto.,"Executar processo em horário alternativo, usar relatório previamente gerado ou procedimento manual aprovado, se existir.",Escalar para Suporte de Aplicações quando múltiplos usuários ou processo crítico forem afetados; para Redes se houver padrão por localidade.,Média para lentidão individual; alta para processo crítico; crítica para indisponibilidade generalizada de aplicação essencial.,Até 1 dia útil para triagem; solução final depende de causa e equipe responsável.,Solicitar transação específica e número de afetados. Não registrar como computador lento quando apenas uma aplicação está degradada.,"sistema lento, ERP, relatório, transação, desempenho, aplicação, tempo de resposta",Application Support,Trimestral,Published,1.0
KB-026,Configuração de e-mail corporativo no celular,Dispositivo Móvel,Mobilidade,Procedimento,O usuário precisa configurar e-mail e aplicativos corporativos em celular pessoal autorizado ou aparelho corporativo.,"E-mail não sincroniza no celular, aplicativo solicita cadastro, acesso móvel bloqueado ou dispositivo não está em conformidade.",Quero configurar e-mail no celular; o app corporativo não entra; troquei de telefone; o celular não sincroniza e-mail.,O dispositivo é corporativo ou pessoal? É Android ou iOS? Já está cadastrado na gestão de dispositivos? O MFA funciona?,"E-mail do usuário, tipo de dispositivo, sistema operacional, propriedade do dispositivo, status de cadastro e mensagem de erro.","Dispositivo não registrado, política de conformidade pendente, aplicativo incorreto, MFA não configurado ou sistema operacional incompatível.",Confirmar tipo de dispositivo; orientar instalação do aplicativo aprovado; validar cadastro na gestão móvel; concluir MFA; registrar chamado se a conformidade falhar.,Acessar e-mail pelo computador corporativo ou navegador autorizado enquanto o dispositivo móvel é configurado.,"Escalar para Suporte de Mobilidade quando cadastro, conformidade ou política de dispositivo bloquear acesso.",Baixa por ser requisição; média se o usuário depende de mobilidade para atividade externa no mesmo dia.,Até 2 dias úteis.,Explicar que o acesso móvel depende de política de segurança e conformidade. Coletar tipo de dispositivo antes de orientar passos.,"celular, e-mail, móvel, iOS, Android, MDM, conformidade",Mobility Support,Semestral,Published,1.0
KB-027,Perda ou roubo de dispositivo corporativo,Segurança da Informação,Segurança,Incidente de segurança,"O usuário precisa reportar imediatamente perda ou roubo de notebook, celular, tablet, crachá ou outro ativo corporativo.","Dispositivo não localizado, furto, roubo, perda em transporte, crachá extraviado ou suspeita de acesso indevido ao equipamento.",Perdi meu notebook; roubaram meu celular corporativo; perdi o crachá; esqueci o equipamento em um local público.,Quando e onde ocorreu? O dispositivo é corporativo? Ele contém dados sensíveis? Está protegido por senha? Há boletim de ocorrência?,"Tipo de dispositivo, patrimônio, último local conhecido, horário, dados potencialmente expostos, usuário responsável e contato alternativo.","Perda física, roubo, furto, extravio ou falha de custódia de ativo com possível exposição de dados.",Registrar incidente crítico; acionar Segurança e Gestão de Ativos; bloquear ou apagar remotamente quando possível; revogar sessões e tokens; orientar comunicação formal conforme política.,"Fornecer equipamento reserva após contenção e aprovação, quando disponível.","Escalar imediatamente para Segurança, Gestão de Ativos e gestor do usuário.","Crítica quando houver risco de dados ou credenciais; alta para perda sem dados sensíveis, mas com ativo corporativo.",Resposta imediata para contenção; reposição depende de estoque e aprovação.,Não aguardar detalhes completos para abrir incidente. Coletar informações essenciais e acionar segurança imediatamente.,"perda, roubo, notebook, celular, crachá, ativo, dispositivo, segurança",Security Operations,Mensal,Published,1.0
KB-028,Solicitação de equipamento de TI,Ativos de TI,Requisição de Serviço,Procedimento de requisição,"O usuário ou gestor precisa solicitar notebook, monitor, headset, teclado, mouse, dock station ou outro item de TI.","Necessidade de equipamento novo, substituição, expansão de estação de trabalho, trabalho remoto ou adequação ergonômica.",Preciso de um monitor; quero solicitar notebook; preciso de headset; minha equipe precisa de equipamentos.,Qual equipamento é necessário? Há aprovação do gestor? Qual é a justificativa? Para onde deve ser entregue? Há prazo específico?,"Tipo de equipamento, quantidade, justificativa, aprovação, centro de custo, local de entrega, usuário beneficiado e urgência.","Novo posto de trabalho, substituição de item, expansão de equipe, necessidade de mobilidade ou reposição de periférico.","Coletar dados; confirmar aprovação; verificar estoque; registrar requisição; encaminhar para separação, compra ou entrega; informar prazo estimado.","Usar equipamento reserva ou compartilhado, quando houver e for permitido.","Escalar para Operações de TI quando houver urgência de onboarding, indisponibilidade de estoque ou compra necessária.",Baixa como requisição planejada; média para onboarding próximo; alta apenas com justificativa operacional crítica.,Até 5 dias úteis quando houver estoque; prazo maior para compra.,"Classificar como requisição, exigir aprovação e local de entrega. Não prometer disponibilidade sem consulta de estoque.","equipamento, notebook, monitor, headset, teclado, mouse, ativo, estoque",IT Operations,Semestral,Published,1.0
KB-029,Dúvida sobre política ou procedimento de TI,Governança de TI,Informação,Artigo informativo,"O usuário precisa entender uma política, padrão ou procedimento de TI antes de executar uma ação ou solicitar exceção.","Dúvida sobre instalação, armazenamento, uso aceitável, segurança, acesso, dispositivos pessoais ou suporte disponível.",Posso instalar este programa? Qual é a política de uso? Onde devo salvar arquivos? Posso usar meu celular pessoal?,"Qual política ou procedimento você quer consultar? A dúvida envolve software, dados, acesso, segurança, equipamento ou exceção? Há decisão urgente envolvida?","Tema da política, contexto de negócio, ação pretendida, urgência e eventual necessidade de exceção.","Ausência de conhecimento sobre política, mudança de procedimento, dúvida sobre exceção ou interpretação de regra corporativa.",Identificar tema; fornecer resumo aprovado; indicar documento oficial; registrar requisição quando houver exceção; encaminhar dúvidas ambíguas para Governança ou Segurança.,Seguir o procedimento padrão vigente até que exceção formal seja aprovada.,"Escalar para Governança de TI ou Segurança quando houver exceção, risco, ambiguidade ou impacto regulatório.",Baixa para dúvida informativa; média quando a resposta impacta decisão de negócio próxima; alta apenas se houver risco regulatório imediato.,Até 1 dia útil para orientação; exceções dependem de aprovação.,"Responder diretamente apenas quando o artigo for claro. Se a pergunta envolver exceção, não decidir automaticamente.","política, procedimento, governança, exceção, norma, uso aceitável, segurança",IT Governance,Trimestral,Published,1.0
KB-030,Solicitação ambígua ou insuficiente para classificação,Atendimento de TI,Triagem,Roteiro de qualificação,"O usuário precisa de ajuda, mas descreve o problema de forma genérica, impedindo classificação imediata pelo agente.","Relatos como 'não funciona', 'estou com problema', 'o sistema deu erro' ou 'preciso de ajuda', sem serviço, erro ou impacto definidos.",Não está funcionando; estou com problema; preciso de ajuda; o sistema caiu; nada abre.,"O que você estava tentando fazer? Qual sistema, equipamento ou serviço está afetado? Qual mensagem aparece? Quando começou? Outras pessoas também estão afetadas? Qual é o impacto no seu trabalho?","Serviço afetado, objetivo do usuário, mensagem de erro, horário de início, escopo, impacto, urgência e evidência quando disponível.","Informação inicial insuficiente, usuário sem vocabulário técnico, múltiplos sintomas ou relato emocional sem dados objetivos.",Fazer perguntas de qualificação; identificar serviço afetado; coletar erro e evidência; determinar impacto e urgência; direcionar para artigo específico; registrar chamado somente após dados mínimos.,"Se o usuário estiver frustrado ou sem condições de responder, registrar triagem para atendimento humano com resumo da conversa.","Escalar para Service Desk quando, após três tentativas de qualificação, ainda não houver informação suficiente ou quando houver risco de impacto crítico.","Média provisória até classificação; ajustar para baixa, média, alta ou crítica conforme impacto, urgência e risco identificados.",Pendente de classificação; resposta de triagem em até 4 horas úteis.,"Não inventar categoria. O agente deve conduzir perguntas curtas, uma por vez ou em bloco estruturado, até obter dados mínimos para roteamento.","ambíguo, triagem, não funciona, problema, ajuda, classificação, qualificação",Service Desk,Trimestral,Published,1.0